Large Category,Sub Category,Source,Category,Vendor,Contact #,Address 1,Address 2,City,State,Zip,Country,Phone,Email,URL,Current Option Period End Date,Ultimate Contract End Date,SAM UEI,"Socio-Economic Indicators 
 (only relative codes will appear for a contract)",,,,,,,,,,,,Contractor T&Cs/Pricelist,View Catalog
,,,,,,,,,,,,,,,,,,"Small 
 Business","Other 
 Than 
 Small 
 Business","Women 
 Owned","Women 
 Owned 
 (WOSB)","Women 
 Owned 
(EDWOSB)","Veteran 
 Owned","Service 
 Disabled 
 Veteran 
 Owned","Small 
 Disadv",8(a),"Hub 
 Zone",,,,
,,,,,,,,,,,,,,,,,,,,,,,,,,,,,,,
,,,,,,,,,,,,,,,,,,,,,,,,,,,,,,,
,,,,,,,,,,,,,,,,,,,,,,,,,,,,State & Local,,,
,,,,,,,,,,,,,,,,,,,,,,,,,,,," Coop 
 purch"," Disast 
 purch",,
,,,,,,,,,,,,,,,,,,s,o,w,wo,ew,v,dv,d,8a,h,,,,
Information Technology , IT Solutions,MAS,541370GEO ,"3GIMBALS, LLC",47QTCA20D001Q,7135 COLLINS AVE,#1216,MIAMI BEACH,FL,33141-3230,,2282241290,susan.humann@3gimbals.com,http://3GIMBALS.COM,"Nov 4, 2024","Nov 4, 2039",ZTHVLQ8ZEZC3,s,,,,,,dv,d,,,Y,Y,https://www.gsaadvantage.gov/ref_text/47QTCA20D001Q/47QTCA20D001Q_online.htm,https://www.gsaelibrary.gsa.gov/ElibMain/advRedirect.do?contract=47QTCA20D001Q&sin=541370GEO&src=elib&app=cat
Information Technology , IT Solutions,MAS,541370GEO ,"AECOM TECHNICAL SERVICES, INC.",47QSWA19D006S,300 S GRAND AVE STE 1100,,LOS ANGELES,CA,90071-3173,,512-419-5738,GSA-MAS-PMO@aecom.com,http://aecom.com/contract-vehicles/gsa-schedules,"May 7, 2024","May 7, 2039",EPUXNLX5EYC4,,o,,,,,,,,,Y,Y,https://www.gsaadvantage.gov/ref_text/47QSWA19D006S/47QSWA19D006S_online.htm,https://www.gsaelibrary.gsa.gov/ElibMain/advRedirect.do?contract=47QSWA19D006S&sin=541370GEO&src=elib&app=cat
Information Technology , IT Solutions,MAS,541370GEO ,"AERIAL DATA SERVICE, INC.",47QTCA18D007M,2448 E 81ST ST,STE 5000,TULSA,OK,74137-4235,,(918) 622-4144,jwright@aerialdata.com,http://www.aerialdata.com,"Mar 7, 2023","Mar 7, 2038",FS83M2LGLXK8,s,,w,wo,,,,,,h,Y,Y,https://www.gsaadvantage.gov/ref_text/47QTCA18D007M/47QTCA18D007M_online.htm,https://www.gsaelibrary.gsa.gov/ElibMain/advRedirect.do?contract=47QTCA18D007M&sin=541370GEO&src=elib&app=cat
Information Technology , IT Solutions,MAS,541370GEO ,"AERIAL SERVICES, INC.",47QTCA18D004Z,6315 CHANCELLOR DR,,CEDAR FALLS,IA,50613-1366,,3192770436,gsa@aerialservicesinc.com,http://www.aerialservicesinc.com,"Jan 2, 2028","Jan 2, 2038",LFP5JJC7UWY3,s,,,,,v,,,,,Y,Y,https://www.gsaadvantage.gov/ref_text/47QTCA18D004Z/47QTCA18D004Z_online.htm,https://www.gsaelibrary.gsa.gov/ElibMain/advRedirect.do?contract=47QTCA18D004Z&sin=541370GEO&src=elib&app=cat
Information Technology , IT Solutions,MAS,541370GEO ,"AERO GRAPHICS, INC",GS-35F-423GA,40 W OAKLAND AVE,,SOUTH SALT LAKE,UT,84115-3007,,801-487-3273,kfrancis@aero-graphics.com,http://www.aero-graphics.com,"May 2, 2027","May 2, 2037",EUC4ANPYLH66,s,,,,,,,,,,Y,Y,https://www.gsaadvantage.gov/ref_text/GS35F423GA/GS35F423GA_online.htm,https://www.gsaelibrary.gsa.gov/ElibMain/advRedirect.do?contract=GS-35F-423GA&sin=541370GEO&src=elib&app=cat
Information Technology , IT Solutions,MAS,541370GEO ,AIRBUS DS GEO INC.,GS-35F-0014V,2550 WASSER TER,STE 9100,HERNDON,VA,20171-6381,,(703)715-3130,clemente@airbus-na.com,http://www.intelligence-airbusds.com,"Oct 1, 2023","Oct 1, 2028",NKYPGW97MLK3,,o,,,,,,,,,Y,Y,https://www.gsaadvantage.gov/ref_text/GS35F0014V/GS35F0014V_online.htm,
Information Technology , IT Solutions,MAS,541370GEO ,ALTAMIRA TECHNOLOGIES CORPORATION,47QRAA19D0027,8201 GREENSBORO DR STE 800,,MCLEAN,VA,22102-3819,,703-813-2100,GSA@Altamiracorp.com,http://www.altamiracorp.com/,"Dec 19, 2023","Dec 19, 2038",GFAHTQUD1AM7,s,,,,,,,,,,Y,Y,https://www.gsaadvantage.gov/ref_text/47QRAA19D0027/47QRAA19D0027_online.htm,https://www.gsaelibrary.gsa.gov/ElibMain/advRedirect.do?contract=47QRAA19D0027&sin=541370GEO&src=elib&app=cat
Information Technology , IT Solutions,MAS,541370GEO ,ASPIRATION SOFTWARE LLC,47QTCA18D00CX,107 W FEDERAL ST,STE 7,MIDDLEBURG,VA,20117,,571-323-7810,s.stout@integratedintelsolutions.com,http://integratedintelsolutions.com,"May 23, 2028","May 23, 2038",PD9HHBAP5GT7,s,,w,wo,,,,d,,,Y,Y,https://www.gsaadvantage.gov/ref_text/47QTCA18D00CX/47QTCA18D00CX_online.htm,https://www.gsaelibrary.gsa.gov/ElibMain/advRedirect.do?contract=47QTCA18D00CX&sin=541370GEO&src=elib&app=cat
Information Technology , IT Solutions,MAS,541370GEO ,"ATLANTIC GROUP, LLC, THE",GS-10F-106AA,2223 DRAKE AVE SW,STE 200,HUNTSVILLE,AL,35805-5113,,256-513-8527,brian.mayfield@atlantic.tech,http://www.atlantic.tech,"Feb 29, 2028","Feb 28, 2033",FMKJKA7W9FD8,,o,,,,,,,,,Y,Y,https://www.gsaadvantage.gov/ref_text/GS10F106AA/GS10F106AA_online.htm,https://www.gsaelibrary.gsa.gov/ElibMain/advRedirect.do?contract=GS-10F-106AA&sin=541370GEO&src=elib&app=cat
Information Technology , IT Solutions,MAS,541370GEO ,"AXIM GEOSPATIAL, LLC",GS-35F-648GA,100 QBE WAY,STE 1225,SUN PRAIRIE,WI,53590-9799,,608-960-4040,nathan.spangler@aximgeo.com,http://www.aximgeo.com,"Aug 31, 2027","Aug 31, 2037",TLABW75ZMLC5,s,,,,,,,,,,Y,Y,https://www.gsaadvantage.gov/ref_text/GS35F648GA/GS35F648GA_online.htm,https://www.gsaelibrary.gsa.gov/ElibMain/advRedirect.do?contract=GS-35F-648GA&sin=541370GEO&src=elib&app=cat
Information Technology , IT Solutions,MAS,541370GEO ,AXIOM DATA SCIENCE LLC,GS-35F-026BA,1016 W 6TH AVE,STE 105,ANCHORAGE,AK,99501-1963,,907-230-0304,rob@axiomdatascience.com,http://www.axiomdatascience.com,"Oct 10, 2023","Oct 10, 2033",PRQBHUD4ZJ31,s,,w,,,,,,,,Y,Y,https://www.gsaadvantage.gov/ref_text/GS35F026BA/GS35F026BA_online.htm,https://www.gsaelibrary.gsa.gov/ElibMain/advRedirect.do?contract=GS-35F-026BA&sin=541370GEO&src=elib&app=cat
Information Technology , IT Solutions,MAS,541370GEO ,BAE SYSTEMS INFORMATION AND ELECTRONIC SYSTEMS INTEGRATION INC.,GS-35F-351DA,10920 TECHNOLOGY PL,,SAN DIEGO,CA,92127-1874,,858-592-5174,tisha.martz@baesystems.com,http://www.baesystems.com,"Jun 7, 2026","Jun 7, 2036",FNZGNWHTXVL4,,o,,,,,,,,,Y,Y,https://www.gsaadvantage.gov/ref_text/GS35F351DA/GS35F351DA_online.htm,https://www.gsaelibrary.gsa.gov/ElibMain/advRedirect.do?contract=GS-35F-351DA&sin=541370GEO&src=elib&app=cat
Information Technology , IT Solutions,MAS,541370GEO ,BALL AEROSPACE & TECHNOLOGIES CORP.,47QTCA19D001P,1600 COMMERCE ST,,BOULDER,CO,80301-2734,,(303)533-4566,michelle.eckstein@ballaerospace.com,http://www.ball.com/aerospace,"Nov 4, 2023","Nov 4, 2038",GM94J2EL8T19,,o,,,,,,,,,Y,,https://www.gsaadvantage.gov/ref_text/47QTCA19D001P/47QTCA19D001P_online.htm,
Information Technology , IT Solutions,MAS,541370GEO ,"BLACKSKY GEOSPATIAL SOLUTIONS, INC.",47QTCA18D006R,13241 WOODLAND PARK RD STE 300,,HERNDON,VA,20171-6401,,(703)709-8700,kpanesar@fedsched.com,www.blacksky.com,"Feb 5, 2028","Feb 5, 2038",NGNJATA6JMG1,s,,,,,,,,,,Y,Y,https://www.gsaadvantage.gov/ref_text/47QTCA18D006R/47QTCA18D006R_online.htm,
Information Technology , IT Solutions,MAS,541370GEO ,BOOZ ALLEN HAMILTON INC.,GS-35F-386DA,8283 GREENSBORO DR,,MCLEAN,VA,22102-3830,,888.224.7041,rfp_services@bah.com,http://boozallen.com,"Jun 28, 2026","Jun 28, 2036",JCBMLGPE6Z71,,o,,,,,,,,,Y,,https://www.gsaadvantage.gov/ref_text/GS35F386DA/GS35F386DA_online.htm,https://www.gsaelibrary.gsa.gov/ElibMain/advRedirect.do?contract=GS-35F-386DA&sin=541370GEO&src=elib&app=cat
Information Technology , IT Solutions,MAS,541370GEO ,"CACI NSS, LLC",GS-35F-349CA,14370 NEWBROOK DR,,CHANTILLY,VA,20151-4206,,703.679.3866,cacigsa@caci.com,www.caci.com,"Jun 1, 2025","Jun 1, 2035",EELEC8QCC3N8,,o,,,,,,,,,Y,Y,https://www.gsaadvantage.gov/ref_text/GS35F349CA/GS35F349CA_online.htm,https://www.gsaelibrary.gsa.gov/ElibMain/advRedirect.do?contract=GS-35F-349CA&sin=541370GEO&src=elib&app=cat
Information Technology , IT Solutions,MAS,541370GEO ,CARAHSOFT TECHNOLOGY CORPORATION,47QSWA18D008F,11493 SUNSET HILLS RD,STE 100,RESTON,VA,20190-5230,,703-871-8500,contracts@carahsoft.com,http://www.carahsoft.com,"Aug 21, 2023","Aug 21, 2038",DT8KJHZXVJH5,,o,,,,,,,,,Y,,https://www.gsaadvantage.gov/ref_text/47QSWA18D008F/47QSWA18D008F_online.htm,https://www.gsaelibrary.gsa.gov/ElibMain/advRedirect.do?contract=47QSWA18D008F&sin=541370GEO&src=elib&app=cat
Information Technology , IT Solutions,MAS,541370GEO ,"CHEROKEE NATION STRATEGIC PROGRAMS, L.L.C.",47QTCA19D00M8,10838 E MARSHALL ST STE 200 E,,TULSA,OK,74116-5682,,918-430-3407,Josh.Womack@cn-bus.com,http://cherokee-cnsp.com/Pages/Home.aspx,"Sep 25, 2024","Sep 25, 2039",PQNNHF72NNM6,s,,,,,,,d,8a,,Y,Y,https://www.gsaadvantage.gov/ref_text/47QTCA19D00M8/47QTCA19D00M8_online.htm,https://www.gsaelibrary.gsa.gov/ElibMain/advRedirect.do?contract=47QTCA19D00M8&sin=541370GEO&src=elib&app=cat
Information Technology , IT Solutions,MAS,541370GEO ,CLOSURE TECHNOLOGIES INC.,47QTCA22D004M,15409 ADMIRAL BAKER CIR,,HAYMARKET,VA,20169-8183,,703-856-5664,tyran.green@closure-tech.com,http://www.closure-tech.com,"Feb 8, 2027","Feb 8, 2042",RP1ND3RCTND6,s,,,,,,,d,,,Y,Y,https://www.gsaadvantage.gov/ref_text/47QTCA22D004M/47QTCA22D004M_online.htm,https://www.gsaelibrary.gsa.gov/ElibMain/advRedirect.do?contract=47QTCA22D004M&sin=541370GEO&src=elib&app=cat
Information Technology , IT Solutions,MAS,541370GEO ,DEWBERRY ENGINEERS INC.,GS-00F-280CA,8401 ARLINGTON BLVD,,FAIRFAX,VA,22031-4619,,7032086872,hperlmutter@dewberry.com,http://dewberry.com,"Aug 26, 2025","Aug 26, 2035",K3WDSCEDY1V5,,o,,,,,,,,,Y,Y,https://www.gsaadvantage.gov/ref_text/GS00F280CA/GS00F280CA_online.htm,https://www.gsaelibrary.gsa.gov/ElibMain/advRedirect.do?contract=GS-00F-280CA&sin=541370GEO&src=elib&app=cat
Information Technology , IT Solutions,MAS,541370GEO ,"DYNAMIC GRAPHICS, INC.",GS-35F-484CA,1015 ATLANTIC AVE,,ALAMEDA,CA,94501-1148,,(510)522-0700,tami@dgi.com,HTTP://WWW.DGI.COM,"Sep 14, 2025","Sep 14, 2035",SCRDFJ8RFB41,s,,w,wo,,,,,,,Y,Y,https://www.gsaadvantage.gov/ref_text/GS35F484CA/GS35F484CA_online.htm,
Information Technology , IT Solutions,MAS,541370GEO ,ENNOBLE FIRST - MACRO SOLUTIONS LLC,47QTCA23D002F,42211 MARCY WAY,,CHANTILLY,VA,20152-4118,,703-722-8022,joseph.solbach@ennoblefirst.com,http://www.efmsllc.com/,"Dec 7, 2027","Dec 7, 2042",M71BE7CYYNL6,s,,,,,,,d,8a,,Y,Y,https://www.gsaadvantage.gov/ref_text/47QTCA23D002F/47QTCA23D002F_online.htm,https://www.gsaelibrary.gsa.gov/ElibMain/advRedirect.do?contract=47QTCA23D002F&sin=541370GEO&src=elib&app=cat
Information Technology , IT Solutions,MAS,541370GEO ,ENNOBLE FIRST INCORPORATED,47QTCA18D00JL,42211 MARCY WAY,,CHANTILLY,VA,20152-4118,,703-722-8022,gsacontracts@ennoblefirst.com,http://www.ennoblefirst.com,"Sep 4, 2023","Sep 4, 2038",C1DLZXCH4L86,s,,,,,,,d,8a,,Y,Y,https://www.gsaadvantage.gov/ref_text/47QTCA18D00JL/47QTCA18D00JL_online.htm,https://www.gsaelibrary.gsa.gov/ElibMain/advRedirect.do?contract=47QTCA18D00JL&sin=541370GEO&src=elib&app=cat
Information Technology , IT Solutions,MAS,541370GEO ,"EXOANALYTIC SOLUTIONS, INC.",47QTCA21D000D,27042 TOWNE CENTRE DR STE 250,,FOOTHILL RANCH,CA,92610-2811,,949-716-4290,bertrand@exoanalytic.com,http://www.exoanalytic.com,"Oct 6, 2025","Oct 6, 2040",DGB4YJSKHM25,,o,,,,,,,,,,Y,https://www.gsaadvantage.gov/ref_text/47QTCA21D000D/47QTCA21D000D_online.htm,https://www.gsaelibrary.gsa.gov/ElibMain/advRedirect.do?contract=47QTCA21D000D&sin=541370GEO&src=elib&app=cat
Information Technology , IT Solutions,MAS,541370GEO ,FEDITC LLC,GS-35F-0269W,1700 ROCKVILLE PIKE STE 458,,ROCKVILLE,MD,20852-1631,,618-216-1282,contracts@feditc.com,http://WWW.FEDITC.COM,"Feb 22, 2025","Feb 22, 2030",C9HCJWLPZDQ3,s,,,,,,,d,8a,,Y,Y,https://www.gsaadvantage.gov/ref_text/GS35F0269W/GS35F0269W_online.htm,https://www.gsaelibrary.gsa.gov/ElibMain/advRedirect.do?contract=GS-35F-0269W&sin=541370GEO&src=elib&app=cat
Information Technology , IT Solutions,MAS,541370GEO ,FLIGHTAWARE LLC,47QTCA21D003F,11 GREENWAY PLZ STE 2900,,HOUSTON,TX,77046-1111,,7138779010,mark.whitson@flightaware.com,http://flightaware.com,"Dec 27, 2025","Dec 27, 2040",JK6YUSATG5J4,s,,,,,,,,,,,Y,https://www.gsaadvantage.gov/ref_text/47QTCA21D003F/47QTCA21D003F_online.htm,https://www.gsaelibrary.gsa.gov/ElibMain/advRedirect.do?contract=47QTCA21D003F&sin=541370GEO&src=elib&app=cat
Information Technology , IT Solutions,MAS,541370GEO ,"FRAYM, INC.",47QTCA19D00FH,3101 WILSON BLVD STE 300,,ARLINGTON,VA,22201-4444,,(202)365-0598,jschaus@jenniferschaus.com,www.fraym.io,"Jul 16, 2024","Jul 16, 2039",DSL8X7RQ9QY5,s,,,,,,,d,,,Y,Y,https://www.gsaadvantage.gov/ref_text/47QTCA19D00FH/47QTCA19D00FH_online.htm,
Information Technology , IT Solutions,MAS,541370GEO ,"GENERAL DYNAMICS INFORMATION TECHNOLOGY, INC.",GS-35F-080CA,3150 FAIRVIEW PARK DR STE 100,,FALLS CHURCH,VA,22042-4504,,703-995-3733,Irina.Safarcheva@gdit.com,http:///www.gdit.com,"Nov 20, 2024","Nov 20, 2034",SMNWM6HN79X5,,o,,,,,,,,,Y,Y,https://www.gsaadvantage.gov/ref_text/GS35F080CA/GS35F080CA_online.htm,https://www.gsaelibrary.gsa.gov/ElibMain/advRedirect.do?contract=GS-35F-080CA&sin=541370GEO&src=elib&app=cat
Information Technology , IT Solutions,MAS,541370GEO ,GENEX SYSTEMS LLC,GS-00F-076GA,11848 ROCK LANDING DR STE 303,,NEWPORT NEWS,VA,23606-4425,,757-838-5065,mkim@genexsystems.com,http://www.genexsystems.com,"Dec 22, 2026","Dec 22, 2036",KAYDD5Z99549,s,,w,wo,,,,d,,,Y,Y,https://www.gsaadvantage.gov/ref_text/GS00F076GA/GS00F076GA_online.htm,https://www.gsaelibrary.gsa.gov/ElibMain/advRedirect.do?contract=GS-00F-076GA&sin=541370GEO&src=elib&app=cat
Information Technology , IT Solutions,MAS,541370GEO ,GEO OWL LLC,47QTCA19D00CM,100 OLD EASTWOOD RD,STE 111A,WILMINGTON,NC,28403-0504,,(910)239-9207,nick@geoowl.com,http://www.geoowl.com,"May 23, 2024","May 23, 2039",H7JRFYNVR468,s,,,,,,dv,d,,,Y,Y,https://www.gsaadvantage.gov/ref_text/47QTCA19D00CM/47QTCA19D00CM_online.htm,
Information Technology , IT Solutions,MAS,541370GEO ,"GEOCONVERGENCE, LLC",47QTCA21D00AH,241 W GRIMES LN,,BLOOMINGTON,IN,47403-3015,,812-320-5467,chris@39dn.com,http://13598 E WESTGATE DR STE 212,"Jun 1, 2026","Jun 1, 2041",LMJ3H7WJDB57,s,,,,,,,d,8a,,Y,Y,https://www.gsaadvantage.gov/ref_text/47QTCA21D00AH/47QTCA21D00AH_online.htm,https://www.gsaelibrary.gsa.gov/ElibMain/advRedirect.do?contract=47QTCA21D00AH&sin=541370GEO&src=elib&app=cat
Information Technology , IT Solutions,MAS,541370GEO ,"GEOGRAPHIC INFORMATION SERVICES, INC.",GS-35F-0682R,2100 RIVERCHASE CENTER STE 105,,BIRMINGHAM,AL,35244-1852,,205-725-5836,dan.levine@gisinc.com,http://www.gisinc.com,"Jun 21, 2025","Jun 21, 2025",H64NCT3G3XM3,s,,,,,,,,,,Y,,https://www.gsaadvantage.gov/ref_text/GS35F0682R/GS35F0682R_online.htm,https://www.gsaelibrary.gsa.gov/ElibMain/advRedirect.do?contract=GS-35F-0682R&sin=541370GEO&src=elib&app=cat
Information Technology , IT Solutions,MAS,541370GEO ,"GEOSPATIAL CONSULTING GROUP INTERNATIONAL, LLC",GS-35F-212DA,203 E HOWELL AVE,,ALEXANDRIA,VA,22301-1307,,571-289-0267,jchristie@geocgi.com,http://www.geocgi.com,"Mar 2, 2026","Mar 2, 2036",WJSNK9P9UCY3,s,,w,wo,ew,,,,,,Y,,https://www.gsaadvantage.gov/ref_text/GS35F212DA/GS35F212DA_online.htm,https://www.gsaelibrary.gsa.gov/ElibMain/advRedirect.do?contract=GS-35F-212DA&sin=541370GEO&src=elib&app=cat
Information Technology , IT Solutions,MAS,541370GEO ,GLOBETROTTERS TECH SOLUTIONS LLC,47QTCA21D00C0,300 S WACKER DR STE 400,,CHICAGO,IL,60606-6716,,3126973550,ajay.shah@gec-group.com,http://www.gecit.com,"Jul 7, 2026","Jul 7, 2041",G87CPD6345J9,s,,,,,,,,,,,Y,https://www.gsaadvantage.gov/ref_text/47QTCA21D00C0/47QTCA21D00C0_online.htm,https://www.gsaelibrary.gsa.gov/ElibMain/advRedirect.do?contract=47QTCA21D00C0&sin=541370GEO&src=elib&app=cat
Information Technology , IT Solutions,MAS,541370GEO ,"GROVER CONSULTING SERVICES, LLC",47QTCA19D00BJ,8006 HEDGEWOOD CT,,FAIRFAX STATION,VA,22039-3152,,(703)283-9427,stephen@grovercsllc.com,www.grovercsllc.com,"May 8, 2024","May 8, 2039",N6HQWKV2ZA94,s,,,,,v,,,,,Y,Y,https://www.gsaadvantage.gov/ref_text/47QTCA19D00BJ/47QTCA19D00BJ_online.htm,
Information Technology , IT Solutions,MAS,541370GEO ,"HEXAGON US FEDERAL, INC.",47QTCA18D003G,301 COCHRAN RD SW,,HUNTSVILLE,AL,35824-1109,,478-322-3258,Quiana.Patterson@hexagonusfederal.com,http://www.hexagonusfederal.com,"Dec 7, 2027","Dec 7, 2037",PK35MEQEASD5,,o,,,,,,,,,Y,Y,https://www.gsaadvantage.gov/ref_text/47QTCA18D003G/47QTCA18D003G_online.htm,https://www.gsaelibrary.gsa.gov/ElibMain/advRedirect.do?contract=47QTCA18D003G&sin=541370GEO&src=elib&app=cat
Information Technology , IT Solutions,MAS,541370GEO ,HIGH SIDE TECHNOLOGY LLC,47QTCA20D003B,2470 THE HAUL OVER,,JOHNS ISLAND,SC,29455-6103,,8435094979,BDIEDRICK@HIGHSIDETECH.COM,http://WWW.HIGHSIDETECH.COM,"Dec 10, 2024","Dec 10, 2039",HNFGMYX8R5C5,s,,,,,,,,,,Y,Y,https://www.gsaadvantage.gov/ref_text/47QTCA20D003B/47QTCA20D003B_online.htm,https://www.gsaelibrary.gsa.gov/ElibMain/advRedirect.do?contract=47QTCA20D003B&sin=541370GEO&src=elib&app=cat
Information Technology , IT Solutions,MAS,541370GEO ,INTEGRATED MODERN ENGINEERING LLC,47QTCA21D007R,811 4TH ST NW,UNIT 506,WASHINGTON,DC,20001-4913,,202-495-0467,rshah@imengineering-ela.com,http://www.imengineering-ela.com,"Mar 30, 2026","Mar 30, 2041",WYLYSPQZPYX5,s,,w,,,,,d,8a,,Y,Y,https://www.gsaadvantage.gov/ref_text/47QTCA21D007R/47QTCA21D007R_online.htm,https://www.gsaelibrary.gsa.gov/ElibMain/advRedirect.do?contract=47QTCA21D007R&sin=541370GEO&src=elib&app=cat
Information Technology , IT Solutions,MAS,541370GEO ,INTEGRITY FIRST TECHNOLOGIES LLC,47QTCA21D00DB,501 LONGFELLOW DR,,O FALLON,IL,62269-7333,,618-979-0290,robert.peel@iftechs.com,http://www.iftechs.com,"Aug 8, 2026","Aug 8, 2041",M82QJN392SE1,s,,w,wo,ew,,dv,d,,,Y,Y,https://www.gsaadvantage.gov/ref_text/47QTCA21D00DB/47QTCA21D00DB_online.htm,https://www.gsaelibrary.gsa.gov/ElibMain/advRedirect.do?contract=47QTCA21D00DB&sin=541370GEO&src=elib&app=cat
Information Technology , IT Solutions,MAS,541370GEO ,INTERMAP TECHNOLOGIES INC.,47QTCA22D0092,8310 S VALLEY HWY STE 240,,ENGLEWOOD,CO,80112-5815,,7202064785,RBeason@intermap.com,http://www.intermap.com,"May 31, 2027","May 31, 2042",HK4DLBJBRNZ4,s,,,,,,,,,,Y,Y,https://www.gsaadvantage.gov/ref_text/47QTCA22D0092/47QTCA22D0092_online.htm,https://www.gsaelibrary.gsa.gov/ElibMain/advRedirect.do?contract=47QTCA22D0092&sin=541370GEO&src=elib&app=cat
Information Technology , IT Solutions,MAS,541370GEO ,"IRON EAGLEX, INC.",47QTCA20D00DM,5426 BAY CENTER DR,STE 450,TAMPA,FL,33609-3579,,434-770-3963,jcarter@ironeaglex.com,http://www.ironeaglex.com,"Aug 9, 2025","Aug 9, 2040",F12DHDEN7GG5,s,,,,,,dv,,,,,Y,https://www.gsaadvantage.gov/ref_text/47QTCA20D00DM/47QTCA20D00DM_online.htm,https://www.gsaelibrary.gsa.gov/ElibMain/advRedirect.do?contract=47QTCA20D00DM&sin=541370GEO&src=elib&app=cat
Information Technology , IT Solutions,MAS,541370GEO ,"ISPA TECHNOLOGY, LLC",GS-35F-450GA,6232 KINGBIRD MANOR DR,,LITHIA,FL,33547-5049,,703-822-1862,wpilotte@ispatechnology.com,http://www.ispatechnology.com,"May 18, 2027","May 18, 2037",XGD4KR3RMXQ6,s,,,,,,,,,,Y,Y,https://www.gsaadvantage.gov/ref_text/GS35F450GA/GS35F450GA_online.htm,https://www.gsaelibrary.gsa.gov/ElibMain/advRedirect.do?contract=GS-35F-450GA&sin=541370GEO&src=elib&app=cat
Information Technology , IT Solutions,MAS,541370GEO ,"KEYSTONE AERIAL SURVEYS, INC.",47QTCA19D009R,9800 ASHTON RD,,PHILADELPHIA,PA,19114-1018,,2156773119,acsontos@kasurveys.com,http://www.kasurveys.com,"Apr 10, 2024","Apr 10, 2039",JGXDLK6RHNN8,,o,,,,,,,,,Y,Y,https://www.gsaadvantage.gov/ref_text/47QTCA19D009R/47QTCA19D009R_online.htm,https://www.gsaelibrary.gsa.gov/ElibMain/advRedirect.do?contract=47QTCA19D009R&sin=541370GEO&src=elib&app=cat
Information Technology , IT Solutions,MAS,541370GEO ,KSAPEX LLC,47QTCA19D00FT,7232 TOD ST,,FALLS CHURCH,VA,22046-2005,,5712260987,sonal.scindia@ksapex.com,http://www.ksapex.com,"Jul 22, 2024","Jul 22, 2039",LBXDLLVGWXL3,s,,w,wo,ew,,,d,,,Y,Y,https://www.gsaadvantage.gov/ref_text/47QTCA19D00FT/47QTCA19D00FT_online.htm,https://www.gsaelibrary.gsa.gov/ElibMain/advRedirect.do?contract=47QTCA19D00FT&sin=541370GEO&src=elib&app=cat
Information Technology , IT Solutions,MAS,541370GEO ,"L3HARRIS TECHNOLOGIES, INC.",47QTCA19D00BC,2400 PALM BAY RD NE,,PALM BAY,FL,32905-3377,,(321)729-3887,tricia.hatcher@l3harris.com,HTTP://WWW.HARRIS.COM/,"May 5, 2024","May 5, 2039",QM4EZDV15JL8,,o,,,,,,,,,Y,Y,https://www.gsaadvantage.gov/ref_text/47QTCA19D00BC/47QTCA19D00BC_online.htm,
Information Technology , IT Solutions,MAS,541370GEO ,"LEIDOS, INC.",GS-35F-116AA,1750 PRESIDENTS ST,,RESTON,VA,20190-5661,,(571) 526-7085,GSAPMO@leidos.com,https://www.leidos.com/company/contract-vehicles,"Dec 12, 2027","Dec 12, 2032",JSTDGZNFP4A3,,o,,,,,,,,,Y,Y,https://www.gsaadvantage.gov/ref_text/GS35F116AA/GS35F116AA_online.htm,https://www.gsaelibrary.gsa.gov/ElibMain/advRedirect.do?contract=GS-35F-116AA&sin=541370GEO&src=elib&app=cat
Information Technology , IT Solutions,MAS,541370GEO ,"LINDAHL REED, INC.",47QRAA18D00GR,850 SW 7TH STREET,SUITE 5,REDMOND,OR,97756-2760,,541/638-9164,nicole.hough@lindahlreed.com,http://https://lindahlreed.com/,"Sep 25, 2023","Sep 25, 2038",MNCCMR58CY55,s,,w,wo,ew,,,d,8a,,Y,Y,https://www.gsaadvantage.gov/ref_text/47QRAA18D00GR/47QRAA18D00GR_online.htm,https://www.gsaelibrary.gsa.gov/ElibMain/advRedirect.do?contract=47QRAA18D00GR&sin=541370GEO&src=elib&app=cat
Information Technology , IT Solutions,MAS,541370GEO ,"LIRO GIS, INC.",47QTCA19D00K7,3 AERIAL WAY,,SYOSSET,NY,11791-5501,,(516)746-2350,annittor@liro.com,www.liro.com,"Aug 28, 2024","Aug 28, 2039",LQE6E7DPKLF7,s,,,,,,,,,,Y,Y,https://www.gsaadvantage.gov/ref_text/47QTCA19D00K7/47QTCA19D00K7_online.htm,
Information Technology , IT Solutions,MAS,541370GEO ,LOCKHEED MARTIN CORPORATION,47QTCA19D009N,13560 DULLES TECHNOLOGY DR,,HERNDON,VA,20171-3414,,(703)466-2071,stephen.d.ramsey@lmco.com,http://www.lockheedmartin.com,"Apr 9, 2024","Apr 9, 2039",TL1MRK244M47,,o,,,,,,,,,Y,,https://www.gsaadvantage.gov/ref_text/47QTCA19D009N/47QTCA19D009N_online.htm,
Information Technology , IT Solutions,MAS,541370GEO ,MAG DS CORP,GS-07F-116CA,12730 FAIR LAKES CIR,STE 600,FAIRFAX,VA,22033-4901,,703-376-8993,ruth.wyatt@magaero.com,http://magaero.com/,"Mar 16, 2025","Mar 16, 2035",JM3KFJD63CK7,,o,,,,,,,,,Y,Y,https://www.gsaadvantage.gov/ref_text/GS07F116CA/GS07F116CA_online.htm,https://www.gsaelibrary.gsa.gov/ElibMain/advRedirect.do?contract=GS-07F-116CA&sin=541370GEO&src=elib&app=cat
Information Technology , IT Solutions,MAS,541370GEO ,MAXAR INTELLIGENCE INC.,47QRAA19D002V,1300 W 120TH AVE,,WESTMINSTER,CO,80234-2726,,703-439-4772,Dan.Donovan@maxar.com,http://https://www.maxar.com,"Jan 8, 2024","Jan 8, 2039",LMRJYJRJY6M4,,o,,,,,,,,,Y,,https://www.gsaadvantage.gov/ref_text/47QRAA19D002V/47QRAA19D002V_online.htm,https://www.gsaelibrary.gsa.gov/ElibMain/advRedirect.do?contract=47QRAA19D002V&sin=541370GEO&src=elib&app=cat
Information Technology , IT Solutions,MAS,541370GEO ,MAXAR MISSION SOLUTIONS INC.,GS-35F-481DA,2325 DULLES CORNER BLVD FL 10,,HERNDON,VA,20171-4674,,703-439-4772,dan.donovan@maxar.com,http://www.maxar.com,"Aug 30, 2026","Aug 30, 2036",FUYKYYM9YCQ9,,o,,,,,,,,,Y,,https://www.gsaadvantage.gov/ref_text/GS35F481DA/GS35F481DA_online.htm,https://www.gsaelibrary.gsa.gov/ElibMain/advRedirect.do?contract=GS-35F-481DA&sin=541370GEO&src=elib&app=cat
Information Technology , IT Solutions,MAS,541370GEO ,MISSIONFOCUS LLC,GS-10F-149AA,6830 ELM ST STE 010,,MCLEAN,VA,22101-3874,,703-291-6721,business@missionfocus.com,http://www.missionfocus.com,"Apr 23, 2023","Apr 23, 2033",P3X3RN7FR4G7,s,,,,,,,,,,Y,Y,https://www.gsaadvantage.gov/ref_text/GS10F149AA/GS10F149AA_online.htm,https://www.gsaelibrary.gsa.gov/ElibMain/advRedirect.do?contract=GS-10F-149AA&sin=541370GEO&src=elib&app=cat
Information Technology , IT Solutions,MAS,541370GEO ,"NEARMAP US, INC.",47QTCA22D00A0,10897 S RIVER FRONT PKWY STE 150,,SOUTH JORDAN,UT,84095-5650,,218-290-9056,SHELLY.CARROLL@NEARMAP.COM,http://www.nearmap.com,"Jun 26, 2027","Jun 26, 2042",EC29EN942DS9,,o,,,,,,,,,Y,Y,https://www.gsaadvantage.gov/ref_text/47QTCA22D00A0/47QTCA22D00A0_online.htm,https://www.gsaelibrary.gsa.gov/ElibMain/advRedirect.do?contract=47QTCA22D00A0&sin=541370GEO&src=elib&app=cat
Information Technology , IT Solutions,MAS,541370GEO ,NELSON INTELLIGENCE SOLUTIONS LLC,47QTCA21D00EG,19 KINSER WAY,,STAFFORD,VA,22556-8605,,703-629-8839,ewnelson@nelsonintelligencesolutions.com,"http://	http://www.nelsonintelligencesolutions.com","Sep 2, 2026","Sep 2, 2041",YE81KNQ4KLK1,s,,,,,,dv,d,,h,Y,Y,https://www.gsaadvantage.gov/ref_text/47QTCA21D00EG/47QTCA21D00EG_online.htm,https://www.gsaelibrary.gsa.gov/ElibMain/advRedirect.do?contract=47QTCA21D00EG&sin=541370GEO&src=elib&app=cat
Information Technology , IT Solutions,MAS,541370GEO ,"NEXT PHASE SOLUTIONS AND SERVICES, INC.",GS-35F-498CA,10211 WINCOPIN CIR STE 502,,COLUMBIA,MD,21044-3432,,410-258-2928,lsuffecool@npss-inc.com,http://www.npss-inc.com,"Sep 16, 2025","Sep 16, 2035",GF3NMJ8FFSC1,s,,w,wo,ew,,,d,8a,h,Y,Y,https://www.gsaadvantage.gov/ref_text/GS35F498CA/GS35F498CA_online.htm,https://www.gsaelibrary.gsa.gov/ElibMain/advRedirect.do?contract=GS-35F-498CA&sin=541370GEO&src=elib&app=cat
Information Technology , IT Solutions,MAS,541370GEO ,"NVISION SOLUTIONS, INC.",GS-35F-0281X,88360 DIAMONDHEAD DR E,,DIAMONDHEAD,MS,39525-3643,,228-357-0310,afletcher@nvs-inc.com,http://www.nvs-inc.com,"Mar 10, 2026","Mar 10, 2031",QKPGNTCJYYR8,s,,w,,ew,,,d,8a,,Y,Y,https://www.gsaadvantage.gov/ref_text/GS35F0281X/GS35F0281X_online.htm,https://www.gsaelibrary.gsa.gov/ElibMain/advRedirect.do?contract=GS-35F-0281X&sin=541370GEO&src=elib&app=cat
Information Technology , IT Solutions,MAS,541370GEO ,"OCTO CONSULTING GROUP, INC.",GS-35F-0234W,10780 PARKRIDGE BLVD 4TH FL,,RESTON,VA,20191-4373,,571-423-0200,contracts@octo.us,www.octo.us,"Jan 31, 2025","Jan 31, 2030",X5V6UB9HVCD8,,o,,,,,,,,,Y,Y,https://www.gsaadvantage.gov/ref_text/GS35F0234W/GS35F0234W_online.htm,https://www.gsaelibrary.gsa.gov/ElibMain/advRedirect.do?contract=GS-35F-0234W&sin=541370GEO&src=elib&app=cat
Information Technology , IT Solutions,MAS,541370GEO ,"PACKET FORENSICS, LLC",GS-35F-0651W,576 N BIRDNECK RD,,VIRGINIA BEACH,VA,23451-6374,,4105142088,michael@packetforensics.com,http://www.packetforensics.com,"Sep 22, 2025","Sep 22, 2030",GXGYXR4L2KD9,s,,,,,,,,,,,Y,https://www.gsaadvantage.gov/ref_text/GS35F0651W/GS35F0651W_online.htm,https://www.gsaelibrary.gsa.gov/ElibMain/advRedirect.do?contract=GS-35F-0651W&sin=541370GEO&src=elib&app=cat
Information Technology , IT Solutions,MAS,541370GEO ,PERSPECTA ENGINEERING INC.,GS-35F-462DA,15050 CONFERENCE CENTER DR,,CHANTILLY,VA,20151-3857,,(571) 521-7729,kera.pitt@peraton.com,http://www.peraton.com,"Aug 16, 2026","Aug 16, 2036",CJ38H41QMGA1,,o,,,,,,,,,Y,Y,https://www.gsaadvantage.gov/ref_text/GS35F462DA/GS35F462DA_online.htm,https://www.gsaelibrary.gsa.gov/ElibMain/advRedirect.do?contract=GS-35F-462DA&sin=541370GEO&src=elib&app=cat
Information Technology , IT Solutions,MAS,541370GEO ,PICTOMETRY INTERNATIONAL CORP.,GS-35F-0801N,25 METHODIST HILL DR,,ROCHESTER,NY,14623-4270,,425-951-8458,lindsey.dickens@eagleview.com,http://www.pictometry.com,"Jul 23, 2023","Jul 23, 2023",KMJ1MN4YERN4,,o,,,,,,,,,Y,Y,https://www.gsaadvantage.gov/ref_text/GS35F0801N/GS35F0801N_online.htm,https://www.gsaelibrary.gsa.gov/ElibMain/advRedirect.do?contract=GS-35F-0801N&sin=541370GEO&src=elib&app=cat
Information Technology , IT Solutions,MAS,541370GEO ,PLANET LABS PBC,GS-35F-309GA,645 HARRISON ST,FL 4,SAN FRANCISCO,CA,94107-3624,,415-728-8247,Thomas.Murphy@planet.com,http://www.planet.com,"Mar 21, 2027","Mar 21, 2037",DFVEL86MHBN3,,o,,,,,,,,,Y,Y,https://www.gsaadvantage.gov/ref_text/GS35F309GA/GS35F309GA_online.htm,https://www.gsaelibrary.gsa.gov/ElibMain/advRedirect.do?contract=GS-35F-309GA&sin=541370GEO&src=elib&app=cat
Information Technology , IT Solutions,MAS,541370GEO ,"PRECISION INTEGRATED PROGRAMS, LLC",47QTCA21D002L,3800 SE THREE MILE LN,,MCMINNVILLE,OR,97128-6228,,(503) 687-0108,cnichols@flyprecision.com,http://www.flyprecision.com,"Dec 6, 2025","Dec 6, 2040",DXMCDZC5MEN8,s,,,,,,,,,,,Y,https://www.gsaadvantage.gov/ref_text/47QTCA21D002L/47QTCA21D002L_online.htm,https://www.gsaelibrary.gsa.gov/ElibMain/advRedirect.do?contract=47QTCA21D002L&sin=541370GEO&src=elib&app=cat
Information Technology , IT Solutions,MAS,541370GEO ,"PRO-WEST & ASSOCIATES, INC.",47QTCA18D00AS,8239 STATE 371 NW,,WALKER,MN,56484-2045,,(320)207-6868,kscharen@prowestgis.com,https://www.prowestgis.com,"Apr 18, 2028","Apr 18, 2038",N5GYZMUUML79,s,,w,wo,ew,,,,,h,Y,Y,https://www.gsaadvantage.gov/ref_text/47QTCA18D00AS/47QTCA18D00AS_online.htm,
Information Technology , IT Solutions,MAS,541370GEO ,QINETIQ INC.,47QRAA18D00AA,10440 FURNACE RD STE 204,,LORTON,VA,22079-2630,,5406582720 EXT 1441,vasilia.cottrell@us.qinetiq.com,http://www.us.qinetiq.com,"Jun 5, 2023","Jun 5, 2038",D59PAWL7C3J5,,o,,,,,,,,,,Y,https://www.gsaadvantage.gov/ref_text/47QRAA18D00AA/47QRAA18D00AA_online.htm,https://www.gsaelibrary.gsa.gov/ElibMain/advRedirect.do?contract=47QRAA18D00AA&sin=541370GEO&src=elib&app=cat
Information Technology , IT Solutions,MAS,541370GEO ,"QUANTUM SPATIAL, INC.",47QTCA18D001X,10033 DR MARTIN LUTHER KING JR S,,SAINT PETERSBURG,FL,33716-3830,,608-556-2580,jnett@quantumspatial.com,http://www.quantumspatial.com,"Nov 5, 2027","Nov 5, 2037",EMJEL3XM6A87,,o,,,,,,,,,Y,Y,https://www.gsaadvantage.gov/ref_text/47QTCA18D001X/47QTCA18D001X_online.htm,https://www.gsaelibrary.gsa.gov/ElibMain/advRedirect.do?contract=47QTCA18D001X&sin=541370GEO&src=elib&app=cat
Information Technology , IT Solutions,MAS,541370GEO ,"QUIET PROFESSIONALS, LLC",47QTCA18D006F,2701 N ROCKY POINT DR,STE 175,TAMPA,FL,33607-5998,,8139023557,contracts@quietprofessionalsllc.com,http://www.quietprofessionalsllc.com,"Jan 31, 2028","Jan 31, 2038",NE4LCFKM1T44,s,,,,,,dv,,,,Y,Y,https://www.gsaadvantage.gov/ref_text/47QTCA18D006F/47QTCA18D006F_online.htm,https://www.gsaelibrary.gsa.gov/ElibMain/advRedirect.do?contract=47QTCA18D006F&sin=541370GEO&src=elib&app=cat
Information Technology , IT Solutions,MAS,541370GEO ,RAYTHEON COMPANY,GS-35F-204GA,870 WINTER STREET,,WALTHAM,MA,02451,,310-710-8372,GSA.Schedule@raytheon.com,https://www.rtx.com/,"Jan 26, 2027","Jan 26, 2037",KLW3ZYL15493,,o,,,,,,,,,Y,Y,https://www.gsaadvantage.gov/ref_text/GS35F204GA/GS35F204GA_online.htm,https://www.gsaelibrary.gsa.gov/ElibMain/advRedirect.do?contract=GS-35F-204GA&sin=541370GEO&src=elib&app=cat
Information Technology , IT Solutions,MAS,541370GEO ,REDHORSE CORPORATION,GS-07F-134GA,1777 N KENT ST STE 1200,,ARLINGTON,VA,22209-2110,,(619) 241-4609,Bernadine.Holmes@Redhorsecorp.com,http://redhorsecorp.com,"Jun 30, 2027","Jun 30, 2037",JM1RHRXMLKG8,,o,,,,,,,,,Y,Y,https://www.gsaadvantage.gov/ref_text/GS07F134GA/GS07F134GA_online.htm,https://www.gsaelibrary.gsa.gov/ElibMain/advRedirect.do?contract=GS-07F-134GA&sin=541370GEO&src=elib&app=cat
Information Technology , IT Solutions,MAS,541370GEO ,"RIVERSIDE TECHNOLOGY, INC.",47QTCA19D00BM,3350 EASTBROOK DR,STE 270,FORT COLLINS,CO,80525-5781,,970-568-5657,laura.nielsen@riverside.com,http://www.riverside.com,"May 8, 2024","May 8, 2039",G5ESF5W4P7C6,s,,,,,,,,,,Y,Y,https://www.gsaadvantage.gov/ref_text/47QTCA19D00BM/47QTCA19D00BM_online.htm,https://www.gsaelibrary.gsa.gov/ElibMain/advRedirect.do?contract=47QTCA19D00BM&sin=541370GEO&src=elib&app=cat
Information Technology , IT Solutions,MAS,541370GEO ,"ROYCE GEOSPATIAL CONSULTANTS, INC.",47QTCA19D003T,4001 FAIRFAX DR,STE 201,ARLINGTON,VA,22203-1614,,571-206-8126,dave@roycegeo.com,http://www.roycegeo.com,"Dec 19, 2023","Dec 19, 2038",X94BWY6EEQB1,s,,,,,,,,,,Y,,https://www.gsaadvantage.gov/ref_text/47QTCA19D003T/47QTCA19D003T_online.htm,https://www.gsaelibrary.gsa.gov/ElibMain/advRedirect.do?contract=47QTCA19D003T&sin=541370GEO&src=elib&app=cat
Information Technology , IT Solutions,MAS,541370GEO ,SAILDRONE INC,47QTCA22D0097,1050 W TOWER AVE,,ALAMEDA,CA,94501-5003,,510-956-8362,contracts@saildrone.com,http://www.saildrone.com,"Jun 6, 2027","Jun 6, 2042",DR4UE3MCD3K7,s,,,,,,,,,,Y,Y,https://www.gsaadvantage.gov/ref_text/47QTCA22D0097/47QTCA22D0097_online.htm,https://www.gsaelibrary.gsa.gov/ElibMain/advRedirect.do?contract=47QTCA22D0097&sin=541370GEO&src=elib&app=cat
Information Technology , IT Solutions,MAS,541370GEO ,"SANBORN MAP COMPANY, INC., THE",GS-10F-0099W,1935 JAMBOREE DR STE 100,,COLORADO SPRINGS,CO,80920-5358,,(719) 264-5510,mbarone@sanborn.com,http://www.sanborn.com,"Jan 28, 2025","Jan 28, 2030",HCGTCHGJJCU8,,o,,,,,,,,,Y,Y,https://www.gsaadvantage.gov/ref_text/GS10F0099W/GS10F0099W_online.htm,https://www.gsaelibrary.gsa.gov/ElibMain/advRedirect.do?contract=GS-10F-0099W&sin=541370GEO&src=elib&app=cat
Information Technology , IT Solutions,MAS,541370GEO ,"SHERPA 6, INC.",47QRAA21D000A,10822 W TOLLER DR STE 180,,LITTLETON,CO,80127-6328,,703-260-8188,kmeeder@sherpa6.com,http://www.sherpa6.com,"Oct 21, 2025","Oct 21, 2040",SAB5XACK9258,s,,,,,,dv,,,,Y,Y,https://www.gsaadvantage.gov/ref_text/47QRAA21D000A/47QRAA21D000A_online.htm,https://www.gsaelibrary.gsa.gov/ElibMain/advRedirect.do?contract=47QRAA21D000A&sin=541370GEO&src=elib&app=cat
Information Technology , IT Solutions,MAS,541370GEO ,"SKYLINE SOFTWARE SYSTEMS, INC.",GS-35F-0905P,13873 PARK CENTER RD STE 201,,HERNDON,VA,20171-3249,,703-378-3780,goldman@skylinesoft.com,http://www.skylinesoft.com,"Sep 28, 2024","Sep 28, 2024",CFH3YF794EA6,s,,,,,,,,,,Y,Y,https://www.gsaadvantage.gov/ref_text/GS35F0905P/GS35F0905P_online.htm,https://www.gsaelibrary.gsa.gov/ElibMain/advRedirect.do?contract=GS-35F-0905P&sin=541370GEO&src=elib&app=cat
Information Technology , IT Solutions,MAS,541370GEO ,"SUPERIOR INFORMATION TECHNOLOGIES, LLC",47QTCA19D004H,38701 W 7 MILE ROAD SUITE 285,,LIVONIA,MI,48152-4123,,7346669963,anurag@anantics.com,http://www.anantics.com,"Jan 16, 2024","Jan 16, 2039",QW9GG9LJKTK5,s,,,,,,,d,8a,,Y,Y,https://www.gsaadvantage.gov/ref_text/47QTCA19D004H/47QTCA19D004H_online.htm,https://www.gsaelibrary.gsa.gov/ElibMain/advRedirect.do?contract=47QTCA19D004H&sin=541370GEO&src=elib&app=cat
Information Technology , IT Solutions,MAS,541370GEO ,SURDEX CORPORATION,47QTCA18D00J5,520 SPIRIT OF SAINT LOUIS BLVD,,CHESTERFIELD,MO,63005-1002,,(636) 368-4400,markz@surdex.com,http://www.surdex.com,"Aug 8, 2023","Aug 8, 2038",KHTMVK6LLH11,,o,,,,,,,,,Y,Y,https://www.gsaadvantage.gov/ref_text/47QTCA18D00J5/47QTCA18D00J5_online.htm,https://www.gsaelibrary.gsa.gov/ElibMain/advRedirect.do?contract=47QTCA18D00J5&sin=541370GEO&src=elib&app=cat
Information Technology , IT Solutions,MAS,541370GEO ,T-KARTOR USA CORPORATION,47QTCA21D008S,710 N TUCKER BLVD,STE 304,SAINT LOUIS,MO,63101-1161,,314-621-8411,greg.johnson@t-kartorusa.com,http://www.t-kartorusa.com,"Apr 26, 2026","Apr 26, 2041",PHD5N2CR6FS3,s,,,,,,,,,,Y,Y,https://www.gsaadvantage.gov/ref_text/47QTCA21D008S/47QTCA21D008S_online.htm,https://www.gsaelibrary.gsa.gov/ElibMain/advRedirect.do?contract=47QTCA21D008S&sin=541370GEO&src=elib&app=cat
Information Technology , IT Solutions,MAS,541370GEO ,"TRANSPACIFIC TECHNOLOGIES, INC.",47QRAA22D0075,325 CORDOVA ST STE 150,,PASADENA,CA,91101-5805,,626-701-2305,tgaribekian@transpacifictech.com,http://www.transpacifictech.com,"Mar 20, 2027","Mar 20, 2042",KJA9ETTD8FD7,s,,w,wo,ew,,,d,,,Y,Y,https://www.gsaadvantage.gov/ref_text/47QRAA22D0075/47QRAA22D0075_online.htm,https://www.gsaelibrary.gsa.gov/ElibMain/advRedirect.do?contract=47QRAA22D0075&sin=541370GEO&src=elib&app=cat
Information Technology , IT Solutions,MAS,541370GEO ,"TUKUH TECHNOLOGIES, LLC",47QRAA21D000R,1600 GENESSEE ST STE 759,,KANSAS CITY,MO,64102-1039,,816-708-1045,judy.reagan@tukuh.com,http://www.tukuh.com,"Nov 16, 2025","Nov 16, 2040",D1M5NDD3LLL7,s,,,,,,,d,8a,,,,https://www.gsaadvantage.gov/ref_text/47QRAA21D000R/47QRAA21D000R_online.htm,https://www.gsaelibrary.gsa.gov/ElibMain/advRedirect.do?contract=47QRAA21D000R&sin=541370GEO&src=elib&app=cat
Information Technology , IT Solutions,MAS,541370GEO ,VISUAL AWARENESS TECHNOLOGIES AND CONSULTING INC,GS-35F-186CA,205 S HOOVER BLVD STE 300,,TAMPA,FL,33609-3593,,8136423024,nbonner@vatcllc.com,http://www.vatcllc.com,"Feb 11, 2025","Feb 11, 2035",MYUXCAJADDH3,s,,w,,,,,d,8a,,Y,Y,https://www.gsaadvantage.gov/ref_text/GS35F186CA/GS35F186CA_online.htm,https://www.gsaelibrary.gsa.gov/ElibMain/advRedirect.do?contract=GS-35F-186CA&sin=541370GEO&src=elib&app=cat
Information Technology , IT Solutions,MAS,541370GEO ,VNUIT LLC,47QTCA20D00E5,5425 MISSION RD,,BONSALL,CA,92003-3601,,(760)576-6214,pkakileti@vnuit.com,www.vnuit.com,"Aug 26, 2025","Aug 26, 2040",PFGCBNFARXN3,s,,w,wo,ew,,,d,8a,,,Y,https://www.gsaadvantage.gov/ref_text/47QTCA20D00E5/47QTCA20D00E5_online.htm,
Information Technology , IT Solutions,MAS,541370GEO ,"WEB GEO SOLUTIONS, LLC",47QTCA18D00EU,3029 PORTLAND AVE,,APEX,NC,27502-8610,,281-435-8276,suresh@webgeosolutions.com,http://www.webgeosolutions.com,"Jun 24, 2023","Jun 24, 2038",QSLRDXL2AXD6,s,,,,,,,d,,,Y,Y,https://www.gsaadvantage.gov/ref_text/47QTCA18D00EU/47QTCA18D00EU_online.htm,https://www.gsaelibrary.gsa.gov/ElibMain/advRedirect.do?contract=47QTCA18D00EU&sin=541370GEO&src=elib&app=cat
Information Technology , IT Solutions,MAS,541370GEO ,WISER IMAGERY SERVICES LLC,GS-35F-508GA,1431 KENSINGTON SQUARE CT,,MURFREESBORO,TN,37130-6939,,2059941467,PTPATTERSON@WISERCO.COM,http://https://www.wiserimageryservices.com/,"Jun 15, 2027","Jun 15, 2037",NK7FMXEJJXG9,s,,,,,,,,,,Y,Y,https://www.gsaadvantage.gov/ref_text/GS35F508GA/GS35F508GA_online.htm,https://www.gsaelibrary.gsa.gov/ElibMain/advRedirect.do?contract=GS-35F-508GA&sin=541370GEO&src=elib&app=cat
Information Technology , IT Solutions,MAS,541370GEO ,"WOOLPERT, INC.",GS-35F-0425P,4454 IDEA CENTER BLVD,,BEAVERCREEK,OH,45430-1500,,937-531-1309,oliver.brown@woolpert.com,http://WOOLPERT.COM,"Apr 6, 2024","Apr 6, 2024",LD8UDJB9JLU1,,o,,,,,,,,,Y,Y,https://www.gsaadvantage.gov/ref_text/GS35F0425P/GS35F0425P_online.htm,https://www.gsaelibrary.gsa.gov/ElibMain/advRedirect.do?contract=GS-35F-0425P&sin=541370GEO&src=elib&app=cat